id,first_name,last_name,email,gender,date_of_birth,address
b0a58df2-78c3-40c1-b0da-52aeb4a3e812,Amy,Gross,qwade@rivas-cook.com,Female,2003-08-21,"PSC 2043, Box 7986, APO AE 05856"
830df9a9-3a32-4fd4-89b5-092db0437d70,Lindsey,Jones,iwalters@yahoo.com,Female,1994-09-29,"53884 Stacy Fields Apt. 964, East Cheyenneborough, LA 66133"
621e70af-f373-4c33-aee4-845709262a7f,Marie,Scott,emily52@brooks-yoder.com,Female,2003-03-17,"8102 Johnson Curve, Lake Andrew, KY 73601"
ec224780-74d4-4a11-9652-d002dd7b9fae,Sherry,Boone,william27@guzman.com,Other,1998-03-28,"162 Michael Manor, West Thomasland, AZ 52022"
39cc05f5-593b-48a8-8cff-c8a77ad85991,Adam,Li,garciawesley@gmail.com,Other,2005-07-27,"7617 Christopher Wall Apt. 130, Copelandbury, NM 43039"
9e769afc-ca19-4640-9071-612204bb757f,Tiffany,Moore,porterjoseph@yahoo.com,Other,1996-03-18,"Unit 5243 Box 4725, DPO AE 75518"
8bfc7806-f42f-4b20-ada6-10b09fd050a9,Adam,Vasquez,yhernandez@bond.org,Female,2005-05-23,"USS Brennan, FPO AE 25495"
c4c03455-3b0d-4926-8907-8ecde94df9de,Sarah,Smith,pmartin@gmail.com,Other,1998-06-05,"71644 Joyce Burg, Stevenberg, NY 68363"
249a8a4c-cad4-43ab-a863-70e1a6e4e716,Holly,Prince,shannon96@yahoo.com,Other,1996-01-28,"989 Bell Corner, Port Joshua, OH 41666"
2f1ede80-a37f-421b-90e9-f3bb3017a9f2,Joseph,Tran,williamsjoseph@mckenzie.com,Female,1993-12-31,"34368 Melanie Manors, Oliverville, WI 33913"
7ba3f142-b341-4274-903e-bb27cc69a6e9,Keith,Kirk,vanessa73@wallace.com,Other,1996-05-16,"PSC 3212, Box 5271, APO AE 00795"
27ea8585-a921-485f-8d10-ae0d2b268436,Austin,Cunningham,yjones@jimenez.org,Male,2002-03-31,"14374 Marcus Crossroad Suite 095, Patrickberg, VA 36862"
0ab189f7-bf9d-42c5-9247-e0e0ab00eac6,Heather,Craig,cpark@gmail.com,Other,1998-09-04,"917 Odom Fork Suite 591, West Geraldstad, WV 97868"
939b502a-6f3f-4a6f-bacd-02138cae3bb1,Sarah,Sims,wagnerjoseph@yahoo.com,Female,2003-06-13,"0294 Holly Villages Suite 611, Lake Jacob, CO 49022"
e0ba49c0-0e34-403f-acc2-af4dd75490a1,Jessica,Schultz,petersims@craig.com,Female,1999-02-06,"98136 Williams Knoll Apt. 302, Robertberg, OK 58249"
212d2ad6-03fe-4530-a7f8-3d95cca11999,Molly,Alvarez,sray@hotmail.com,Female,2000-04-07,"419 Shelby Islands Apt. 448, Port April, AZ 16553"
e4fddcba-e6e9-4934-836a-6a42bbd66132,Steven,Lutz,candiceyoung@reed.com,Female,2003-01-18,"8568 Renee Loop, Kevinhaven, NM 56055"
12ed5d4c-1782-498d-8327-4f98c705938b,Amy,Jarvis,barry82@hotmail.com,Male,2006-06-30,"PSC 7820, Box 9880, APO AE 82679"
5159972b-8433-4f9b-a90c-831eba0ea2d5,Melissa,Long,saunderslaura@hull.com,Male,1997-07-10,"PSC 2450, Box 1915, APO AP 22524"
95e43d13-9225-49cd-9611-e44bf55a799b,Erika,Stein,florestanner@yahoo.com,Other,2005-11-29,"PSC 1597, Box 4066, APO AA 90326"
d7531c2f-9ebd-40fb-ac83-46f4981a0e50,Russell,Stafford,mayleslie@anderson.info,Male,1999-09-06,"527 Graham Shoals Apt. 027, North Bryan, MN 12058"
c2f14b46-729f-4410-9ca6-9d2bad44fc15,Samuel,Smith,jessica47@jones-phillips.com,Female,2005-08-10,"22332 Alisha Trace, Port Justin, ME 89535"
d049256c-d436-4cf9-8e12-246466487c37,Daniel,Moore,ccruz@miller-perry.com,Male,2003-05-31,"256 Austin Locks Apt. 853, Saraport, NV 13569"
3e81c1dd-c6ae-4dd4-bea4-34c1466324cd,Timothy,Nunez,tholloway@cunningham-rojas.com,Male,2001-06-04,"Unit 6104 Box 1796, DPO AA 59261"
6088245d-0049-4121-a1be-bc9c071d9a8d,Adam,Doyle,amanda43@lopez.com,Male,2005-06-22,"5366 Davis Divide Suite 702, Roberthaven, NE 38731"
5419052c-36a2-4da2-9893-2c8d0d5950c1,Karen,Fischer,patriciasexton@donovan.org,Male,1994-06-29,"4115 Watson Streets Apt. 241, North Melissa, MO 78053"
206ff9b2-b765-4b2a-a6ac-8a91280e50a9,Candice,Johnson,petersenmorgan@howell.com,Female,2001-12-07,"68930 Michael Field, East Christopherfurt, OH 73423"
9d0d2844-aa3c-4d65-bdb3-40782c4ce47b,Nicole,Ryan,ashleyhenderson@hotmail.com,Male,2001-04-08,"65228 Miles Radial, East Kendra, MI 21033"
a57276ee-4c67-4381-8f18-7b886f9a3c4d,Laura,Stanley,shirley87@sampson.com,Female,1998-04-27,"13135 Christopher Springs Suite 425, Amymouth, DE 20551"
2f390b6d-0656-4c43-a2fa-d639ad4447f4,Carla,Brooks,robertsonlogan@jenkins.info,Female,2003-02-28,"815 Castillo Road Suite 534, Wolfeland, VT 97230"
769d2b63-6af9-4d83-bc8d-ac3302a9e9dd,Manuel,Hughes,johnsonjill@yahoo.com,Other,2005-09-03,"6483 Myers Port Suite 507, Jonesstad, DE 88784"
e09c5c3e-098d-43bb-8224-85ef9c403512,Lawrence,Sanders,heather47@yahoo.com,Other,1998-07-07,"1412 Rodriguez Rest Suite 954, Ramosmouth, NY 23360"
6f34d68a-bb5b-4244-b82d-c7a111bba77e,Kevin,Luna,lmartin@yahoo.com,Other,1996-03-20,"2279 Lynch Mountains, East Corey, FL 71941"
5f140877-5d00-424c-9224-b7eb29c24cfb,Kenneth,Carter,mathew43@yahoo.com,Male,1998-12-24,"409 Baker Port Suite 167, Deniseport, TX 68581"
b7659e9a-4410-4d55-abf6-084a11f134ac,Kenneth,Wilson,loganbrian@miller.com,Male,1994-09-06,"5976 Laura Ways, Smithstad, HI 03354"
c6b98ef9-6d33-4cf4-80df-689edda01614,Todd,Chung,shawcarl@johnson-bell.com,Male,1997-04-02,"851 Brianna Harbor, Port Robert, NV 05702"
042426ea-09e9-4db2-a441-499bd4bf71a1,Sean,Foster,elizabeth52@nunez-henson.com,Other,2000-03-09,"8293 Daniel Ford Apt. 029, Wattsstad, MA 07838"
49903957-203d-41b9-86f2-3e5307f91951,Ricardo,Villegas,thomas77@white.com,Male,2005-07-24,"704 Christopher Mills Suite 800, Kirstenfurt, CT 48283"
7a618c13-07f2-4176-9089-5f754e7873e6,Frank,Hernandez,dhunt@hansen.com,Other,2005-11-09,"635 Steven Vista, Port Christineland, FL 36920"
953e6124-dfe7-4e59-ae93-ab170bdd4be4,Destiny,Wright,prattnicholas@yahoo.com,Male,2006-09-03,"1564 Smith Estate Apt. 574, Williamsbury, MO 87532"
a098060a-f3e6-4d98-beb1-4592dcbd61e5,Claire,Leblanc,jessecasey@hotmail.com,Male,2005-09-24,"489 Smith Junction Apt. 580, Lake Philipfurt, PA 21250"
d9f4a5ac-150c-4b67-a85f-05d0cc2e26f3,Lucas,Bridges,marissawilliams@yahoo.com,Male,2005-06-02,"9834 Short Ford Suite 401, Lake Justin, AR 64430"
240bfebc-1e99-40c9-a4d5-f89bf0b8887c,James,Gardner,coxbrandon@haynes.com,Other,2000-03-03,"52246 Nancy Stream, West Hollyside, IA 24659"
1c087fea-698e-4919-8164-9691d6249426,Gary,Reilly,murphystacy@valentine.info,Male,1996-11-10,"02968 Tonya Isle Suite 710, Christopherstad, ID 43795"
fbb9c1eb-6d56-4d29-add8-c7a2ab902cfc,Christopher,Joseph,christopher12@yahoo.com,Male,1994-03-24,"PSC 0670, Box 1551, APO AE 36402"
6b2cd544-7e21-4973-9050-e37b5107e30e,Tracy,Brown,ymendez@jennings.com,Female,2000-08-13,"435 Morgan Divide Suite 683, Garnerberg, CA 49275"
47c0c06c-50ea-4b5e-a5c3-9bae2d538466,Colleen,Reynolds,bryanoliver@jones-lloyd.org,Female,1995-08-27,"PSC 9007, Box 7508, APO AA 74449"
2c6fdbce-4c09-45e2-ad31-d40ef95c64db,John,Thompson,vallen@hotmail.com,Female,1997-02-20,"02608 Carrie Walks Suite 731, Brownton, AK 41760"
6ed77ad7-544e-4bd2-b9c5-bab02f2c7d8b,Nicholas,Garcia,todd41@maxwell.com,Other,1994-10-27,"35815 Lewis Loaf, Hollymouth, WV 77699"
b0e67203-d95f-4db3-8be6-ee572effcf2e,Christina,May,johnhicks@yahoo.com,Male,1995-10-15,"919 Gibson Springs, Bryanport, VA 01317"
278c8e3e-3d89-4552-87a4-4bc0d5529347,Paul,Obrien,kimkrause@gmail.com,Other,2001-10-22,"8993 James Circles Apt. 023, Shaunside, GA 97077"
c971a891-ba09-44ac-bf39-f8abf3c4eb92,John,Parker,ocase@anderson.com,Other,1998-09-15,"Unit 6314 Box 1850, DPO AP 32096"
2e711f1c-b5f4-4892-8653-75a2dcfce07a,Kathryn,Middleton,eric37@spence-williams.com,Female,2005-06-02,"261 Bullock Common Suite 711, Perezfort, OH 36414"
c79bc1ea-6c02-46ed-b583-2dce661caba3,David,Steele,martinchristopher@costa.org,Female,1995-08-04,"13224 Gonzalez Fort Suite 532, North Joyport, VT 30126"
b2fc93e4-64e0-43ea-ad1a-565b9ba620ba,Charles,Johnston,ashleybranch@yahoo.com,Male,2005-10-31,"28634 Juan Trafficway Suite 681, Maryland, WI 90152"
c731e12b-5a08-412e-b71d-69122e006c62,Amber,Jordan,angelaerickson@hotmail.com,Other,1995-10-21,"234 Mccarty Meadows, Port Benjamin, WY 74138"
f36f5f61-e2f0-40e2-ac40-7016f0c111ca,Philip,Mcintosh,larryhudson@garza.biz,Female,2004-04-01,"937 Harris Lakes Suite 100, Smithfurt, MI 89679"
e9a95efb-78a2-4114-bbfc-d01f94cc8a90,Joseph,Johnson,myersjamie@summers.com,Other,1997-03-02,"4207 Becker Via Suite 419, Lake Chelsea, ID 61242"
66c27154-9558-4d90-bbf1-08c9db8fe795,George,Cox,sli@yahoo.com,Female,1999-07-12,"105 Booker Port Apt. 588, New Samantha, SC 29859"
c93f9039-52e0-4462-b695-293deffc863e,Teresa,Marsh,lramirez@hamilton.net,Female,1998-02-04,"3971 Little Corners Suite 541, Port Patriciafort, MO 84364"
91c9a63b-366c-4594-8289-106aa28e2a01,Kelly,Pierce,vargascarol@gmail.com,Female,2002-01-18,"387 Mark Villages Suite 295, Stanleyland, VT 54041"
02a6fb20-580e-4277-8c99-70a0834ef44d,Carrie,Rodriguez,cjohnson@elliott.net,Male,2005-02-22,"PSC 4159, Box 0801, APO AE 11591"
0a8dd5e9-fc7d-4394-978c-6fe62f68aa2b,Lee,Webster,carolowens@gmail.com,Female,2002-03-24,"328 Donald Ports Suite 821, Susanmouth, MT 60356"
009ea7e7-db48-483a-b2a6-9f583dc5294e,Charles,Schneider,scottalvarez@white.org,Female,1995-05-09,"6596 Drew Port, East Kevinport, TX 51668"
9c07b2c9-cf02-4862-9045-9287cf4ec682,Michael,Elliott,caitlinbecker@greer.com,Other,1996-04-22,"Unit 3400 Box 7122, DPO AA 48528"
c2426aa5-c107-4de4-8a6e-d513c4b16e03,Jessica,Rivera,qphillips@mueller.biz,Female,1999-01-11,"596 Allen Land, Wendymouth, MA 84496"
21fd4cb1-ae62-4df6-ba84-473fde853298,Taylor,Williams,warrenjames@braun-smith.com,Female,2000-06-29,"4650 Margaret Inlet Apt. 967, Colinside, CA 15821"
ed35d42f-6cda-42c4-830d-cfa9d5548352,Amber,Smith,brendanelson@jones-ray.com,Male,1997-11-02,"6639 Kevin Parkways, Youngchester, NJ 10739"
2975bb93-9b52-43dd-9181-ed1fb7cc0d0f,Kristin,Villa,cartersteven@rivera-jordan.com,Male,1999-01-24,"0215 Jeffery Islands, Sandovaltown, NJ 70607"
1118ab19-945a-4a92-b641-36a293883354,Lauren,White,stevenrodriguez@yahoo.com,Male,1999-10-28,"0986 Jackson Pines, Taylorfort, TN 16516"
fc4b1502-5aea-4d83-b01c-eacf03b5850a,Amanda,Leblanc,marisa58@yahoo.com,Other,2000-12-30,"68559 Mccormick Union, Brownmouth, AR 75908"
6dc009a3-ffaa-4856-8a48-04cac90bc017,Phillip,White,bshea@gmail.com,Male,2000-07-07,"95092 Gonzalez Forges Apt. 914, Philipbury, WV 11539"
498a8f7b-9e19-4cb7-bb71-ce99c00c15ad,Joanna,Gonzalez,maria15@yahoo.com,Other,2005-12-09,"USNS Powell, FPO AP 52023"
ba305e9f-0a32-403d-8c97-33e8292c7952,Andrea,Sparks,uterrell@hamilton-peters.com,Other,1999-09-30,"015 Jon Falls, Elizabethhaven, IA 78635"
642a72cf-28bc-4026-85f3-3b34fdc6fd43,Linda,Smith,carriegonzalez@gmail.com,Female,1995-09-08,"8526 Stacy Valleys Apt. 447, Lake Laura, PA 09718"
ec8a4ecd-cf6b-4e02-8910-c91a87565e7e,Joseph,Miller,lpierce@padilla.com,Other,2006-01-14,"49987 Christopher Street Suite 027, South Danielborough, IA 91733"
fb3d8f29-2216-40d2-92c1-428e6fb4084c,Joseph,Martinez,gordon61@hotmail.com,Male,1998-06-04,"87026 Banks Stravenue, North Seanfurt, KY 81559"
dfcde3ef-0181-479d-a27d-f55f22f60404,Stacy,Foster,nicolasmeyers@gmail.com,Female,2001-12-14,"4843 Bell Neck, Richardburgh, NJ 02851"
4ecf893a-223e-4759-baf1-892ee798da51,Christy,Parsons,hollandlisa@arroyo.com,Female,1997-08-12,"3286 Foster Course Suite 276, South Colleen, OK 95276"
5b20a823-b0da-41ae-8118-adccdfcd7c94,Bailey,Padilla,ghuber@hobbs-vargas.net,Other,1994-07-19,"38315 Graves Expressway, South Manuel, ND 36605"
db81334a-3672-486a-8f80-a602fe508d1b,Carol,Davis,youngaaron@donovan.com,Other,2002-07-21,"148 Jeffrey Highway, Stevenshire, ID 64226"
b9cff638-5904-479b-9c30-f5ba231788f2,Shawn,Garza,renee69@clements-sellers.com,Male,1996-10-23,"3176 Kristin Mills Apt. 540, Kaylaville, CA 88974"
157321f6-21e8-48c7-9cb9-d0dc4742df78,Stephen,Robinson,karenmeza@mcfarland.com,Female,2002-03-05,"0879 Nichols Walks Suite 248, Port Amyshire, TN 18148"
05e3f14a-958b-4add-b3cd-66755eb14636,Kent,Mcintyre,williamlee@clarke-moses.com,Other,2002-02-01,"1410 Holmes Glen Suite 658, Lake Ashleymouth, OK 26387"
ff19837e-1fb1-4132-b630-829eb7478d89,Douglas,Castillo,jaredjohns@jones-salazar.com,Other,2004-10-20,"073 Rojas Forks Apt. 390, Aaronfort, FL 74653"
2e9a1f6f-ab4f-4037-956e-d268fadb3592,Samantha,Hernandez,nicholasmurphy@sexton.net,Other,2006-06-15,"752 Griffith View Suite 395, Andersenbury, MO 46193"
fa934dc5-676d-492f-a061-de5129bd772d,Jacob,Cox,roger29@yahoo.com,Female,2002-07-17,"23527 Phillips Flat Apt. 790, Rachaelhaven, ID 37754"
ee4f80ee-69ff-4c29-8a32-a3ad46d79edf,Kathryn,Carroll,asmith@robinson-hayden.com,Male,1997-01-13,"2837 Breanna Port Suite 126, Alishaport, MT 71030"
247bf41c-5978-4780-b1a6-6f4915e32710,Taylor,Ibarra,williamsshannon@ramirez.org,Other,2004-04-20,"52770 Mejia Courts Apt. 143, Reginaville, MO 17301"
66d958dd-f5a0-4e47-becd-34364488f301,Joshua,Harrison,schmidtregina@crawford.com,Female,1998-08-25,"705 Amanda Wells Apt. 604, East Maryland, KY 77340"
a82cda6b-ebd5-4c80-bf00-34288c965808,Shelia,Kelly,samantha48@bradshaw.com,Other,1997-04-08,"73501 Fitzgerald Skyway Apt. 421, South Carol, MO 13913"
7be8841b-c958-4907-b9c0-d06d6219813e,Jerry,Williams,davismelissa@byrd.info,Other,1994-11-29,"721 Christian Corners, East Wayneland, WV 61178"
46949f44-d76b-46c5-bdd6-4b1bc5d46583,Tiffany,Conner,lisagarcia@montgomery-richardson.org,Other,1994-07-29,"44313 Adam Run Apt. 540, Amandaport, VT 54533"
1ff82365-6526-478b-a687-cac8af857e29,Michael,Callahan,murphymichele@yahoo.com,Male,2001-03-24,"9394 Willis Terrace, Carpenterchester, OH 47463"
423ee7f7-4166-48ed-add7-65b2e0793850,Rhonda,Sanchez,richardmurphy@hotmail.com,Female,2002-10-02,"7088 Mark Common, Lake Christopherburgh, MS 97277"
63abf0d7-a679-48a7-8488-a3b708a5f297,Marvin,Smith,natalie71@hotmail.com,Female,2006-01-16,"7273 Johnson Mountain Apt. 973, Floydport, WY 78471"
be87c243-ee6b-4cd5-a630-b85d59141453,Alan,Fletcher,gracepineda@yahoo.com,Female,2001-07-13,"65062 Williams Loaf Apt. 150, Obrienberg, NH 96537"
71fee291-4ef1-4ae6-8a7d-5701317a27b6,Nicolas,Taylor,jenniferkelly@perez.net,Female,1995-09-05,"895 John Pines, New Margaret, DE 64759"
a0592356-e515-491d-b165-88716044aae3,Stacey,Scott,carrie21@gmail.com,Male,2006-09-16,"974 Anderson Alley Suite 789, South Cynthia, OR 05322"
3f1c7786-9daa-444b-b487-b09b2c428372,Jason,Kelly,chaney@gomez.com,Female,1994-11-30,"490 Owen Crossroad Suite 199, Pottshaven, GA 34421"
